year,ISO2,Country Name,Bigtech_credit,Fintech_credit ,Total_alternative_credit,Bigtech_credit/capita,Fintech_credit/capita,Total_Alternative_Credit/capita,Total_domestic_credit_by_financial_sector
2013,ARE,United Arab Emirates, -   , -   , -   , -   , -   ,0,320635
2014,ARE,United Arab Emirates, -   ,0.5, -   , -   ,0.05,0.05,332099
2015,ARE,United Arab Emirates, -   ,6.85, -   , -   ,0.71,0.71,371021
2016,ARE,United Arab Emirates, -   ,12.46, -   , -   ,1.26,1.26,384155
2017,ARE,United Arab Emirates, -   ,25.86, -   , -   ,2.55,2.55,385565
2018,ARE,United Arab Emirates, -   ,44.1, -   , -   ,4.23,4.23,378072
2019,ARE,United Arab Emirates, -   ,67.64, -   , -   , -   ,0, -   
2013,ARG,Argentina, -   ,0.8,0.8, -   ,0.02,0.02,199590
2014,ARG,Argentina, -   ,1.7,1.7, -   ,0.04,0.04,191954
2015,ARG,Argentina, -   ,8.2,8.2, -   ,0.19,0.19,257576
2016,ARG,Argentina, -   ,11.39,11.39, -   ,0.26,0.26,208729
2017,ARG,Argentina,38.1,26.8,64.9,0.87,0.61,1.48,246460
2018,ARG,Argentina,69.9,123.73,193.63,1.57,2.78,4.35,265572
2019,ARG,Argentina,146.1,313.02,459.12,3.25,6.97,10.22, -   
2013,AUT,Austria, -   ,0.43, -   , -   ,0.05,0.05,561088
2014,AUT,Austria, -   ,0.9, -   , -   ,0.11,0.11,555155
2015,AUT,Austria, -   ,2.22, -   , -   ,0.26,0.26,471846
2016,AUT,Austria, -   ,5.53, -   , -   ,0.63,0.63,507541
2017,AUT,Austria, -   ,10.96, -   , -   ,1.24,1.24,522486
2018,AUT,Austria, -   ,12.06, -   , -   ,1.36,1.36,564717
2019,AUT,Austria, -   ,25.54, -   , -   , -   ,0, -   
2013,AUS,Australia, -   ,11.4, -   , -   ,0.49,0.49,2357918
2014,AUS,Australia, -   ,51.92, -   , -   ,2.2,2.2,2396322
2015,AUS,Australia, -   ,272.79, -   , -   ,11.37,11.37,2168686
2016,AUS,Australia, -   ,548.6, -   , -   ,22.49,22.49,2313575
2017,AUS,Australia, -   ,1089.17, -   , -   ,43.97,43.97,2443910
2018,AUS,Australia, -   ,979.84, -   , -   ,38.93,38.93,2508681
2019,AUS,Australia, -   ,1119.62, -   , -   , -   ,0, -   
2013,BGD,Bangladesh, -   , -   , -   , -   , -   ,0,93427
2014,BGD,Bangladesh, -   , -   , -   , -   , -   ,0,110447
2015,BGD,Bangladesh, -   , -   , -   , -   , -   ,0,125335
2016,BGD,Bangladesh, -   , -   , -   , -   , -   ,0,144774
2017,BGD,Bangladesh, -   , -   , -   , -   , -   ,0,166862
2018,BGD,Bangladesh, -   ,0.05,0.05, -   , -   ,0,184772
2019,BGD,Bangladesh, -   , -   , -   , -   , -   ,0, -   
2013,BEL,Belgium, -   ,0.54, -   , -   ,0.05,0.05,583938
2014,BEL,Belgium, -   ,2, -   , -   ,0.18,0.18,821607
2015,BEL,Belgium, -   ,31.66, -   , -   ,2.82,2.82,673947
2016,BEL,Belgium, -   ,58.24, -   , -   ,5.15,5.15,718863
2017,BEL,Belgium, -   ,99.65, -   , -   ,8.78,8.78,669766
2018,BEL,Belgium, -   ,44.47, -   , -   ,3.9,3.9,728187
2019,BEL,Belgium, -   ,94.15, -   , -   , -   ,0, -   
2013,BFA,Burkina Faso, -   ,0.29, -   , -   ,0.02,0.02,3495
2014,BFA,Burkina Faso, -   ,0.5, -   , -   ,0.03,0.03,4283
2015,BFA,Burkina Faso, -   ,0.81, -   , -   ,0.04,0.04,3922
2016,BFA,Burkina Faso, -   ,1.01, -   , -   ,0.05,0.05,4105
2017,BFA,Burkina Faso, -   ,1.04, -   , -   ,0.05,0.05,4823
2018,BFA,Burkina Faso, -   ,0.74, -   , -   ,0.04,0.04,5639
2019,BFA,Burkina Faso, -   ,0.5, -   , -   , -   ,0, -   
2013,BGR,Bulgaria, -   , -   , -   , -   , -   ,0,38823
2014,BGR,Bulgaria, -   , -   , -   , -   , -   ,0,35472
2015,BGR,Bulgaria, -   , -   , -   , -   , -   ,0,30524
2016,BGR,Bulgaria, -   ,1.4, -   , -   ,0.2,0.2,29222
2017,BGR,Bulgaria, -   ,11.88, -   , -   ,1.69,1.69,31887
2018,BGR,Bulgaria, -   ,40.06, -   , -   ,5.72,5.72,35992
2019,BGR,Bulgaria, -   ,84.81, -   , -   , -   ,0, -   
2013,BHR,Bahrain, -   , -   , -   , -   , -   ,0, -   
2014,BHR,Bahrain, -   , -   , -   , -   , -   ,0, -   
2015,BHR,Bahrain, -   , -   , -   , -   , -   ,0, -   
2016,BHR,Bahrain, -   , -   , -   , -   , -   ,0, -   
2017,BHR,Bahrain, -   , -   , -   , -   , -   ,0, -   
2018,BHR,Bahrain, -   , -   , -   , -   , -   ,0, -   
2013,BI,Burundi, -   ,0.93, -   , -   ,0.1,0.1,701
2014,BI,Burundi, -   ,1.11, -   , -   ,0.11,0.11,862
2015,BI,Burundi, -   ,0.78, -   , -   ,0.08,0.08,900
2016,BI,Burundi, -   ,0.46, -   , -   ,0.04,0.04,1080
2017,BI,Burundi, -   ,0.1, -   , -   ,0.01,0.01,1180
2018,BI,Burundi, -   , -   , -   , -   , -   ,0,1385
2019,BI,Burundi, -   , -   , -   , -   , -   ,0, -   
2013,BRA,Brazil, -   ,0.8,0.8, -   , -   ,0,2472665
2014,BRA,Brazil, -   ,1,1, -   , -   ,0,2540613
2015,BRA,Brazil, -   ,11.63,11.63, -   ,0.06,0.06,1927013
2016,BRA,Brazil, -   ,60.73,60.73, -   ,0.3,0.3,1996174
2017,BRA,Brazil,76.2,161.44,237.64,0.37,0.78,1.15,2286070
2018,BRA,Brazil,139.8,621.8,761.6,0.67,2.98,3.65,2123927
2019,BRA,Brazil,292.2,1460.26,1752.46,1.39,6.95,8.34, -   
2013,CAN,Canada, -   ,8.14, -   , -   ,0.23,0.23,1859833
2014,CAN,Canada, -   ,18.13, -   , -   ,0.51,0.51,1802896
2015,CAN,Canada, -   ,86.07, -   , -   ,2.41,2.41,1567611
2016,CAN,Canada, -   ,160.8, -   , -   ,4.46,4.46,1712801
2017,CAN,Canada, -   ,730.72, -   , -   ,20.02,20.02,1906613
2018,CAN,Canada, -   ,705.73, -   , -   ,19.08,19.08,1856520
2019,CAN,Canada, -   ,681.17, -   , -   , -   ,0, -   
2013,COD,"Congo, Dem. Rep.", -   ,1.5,1.5, -   ,0.02,0.02, -   
2014,COD,"Congo, Dem. Rep.", -   ,3.46,3.46, -   ,0.04,0.04, -   
2015,COD,"Congo, Dem. Rep.", -   ,3,3, -   ,0.03,0.03, -   
2016,COD,"Congo, Dem. Rep.", -   ,2.13,2.13, -   ,0.02,0.02, -   
2017,COD,"Congo, Dem. Rep.", -   , -   , -   , -   , -   ,0, -   
2018,COD,"Congo, Dem. Rep.", -   ,4.68,4.68, -   ,0.05,0.05, -   
2019,COD,"Congo, Dem. Rep.", -   , -   , -   , -   , -   ,0, -   
2013,CHE,Switzerland, -   , -   , -   , -   , -   ,0,1189122
2014,CHE,Switzerland, -   ,0.13, -   , -   ,0.02,0.02,1234222
2015,CHE,Switzerland, -   ,2.19, -   , -   ,0.27,0.27,1188089
2016,CHE,Switzerland, -   ,8.96, -   , -   ,1.08,1.08,1201949
2017,CHE,Switzerland, -   ,69.2, -   , -   ,8.22,8.22,1282687
2018,CHE,Switzerland, -   ,59.34, -   , -   ,6.99,6.99,1382151
2019,CHE,Switzerland, -   ,125.62, -   , -   , -   ,0, -   
2013,CIV,Côte d'Ivoire, -   , -   , -   , -   , -   ,0,12677
2014,CIV,Côte d'Ivoire, -   , -   , -   , -   , -   ,0,14908
2015,CIV,Côte d'Ivoire, -   , -   , -   , -   , -   ,0,14776
2016,CIV,Côte d'Ivoire, -   ,3.92,3.92, -   ,0.16,0.16,16551
2017,CIV,Côte d'Ivoire,3.43,0.05,3.48,0.14, -   ,0.14,19314
2018,CIV,Côte d'Ivoire,8.11, -   , -   ,0.32, -   ,0.32,22556
2019,CIV,Côte d'Ivoire,8.95, -   , -   ,0.34, -   ,0.34, -   
2013,CHL,Chile, -   ,11.73, -   , -   ,0.67,0.67,218078
2014,CHL,Chile, -   ,37.34, -   , -   ,2.1,2.1,209880
2015,CHL,Chile, -   ,46.5, -   , -   ,2.59,2.59,203711
2016,CHL,Chile, -   ,92.9, -   , -   ,5.11,5.11,208653
2017,CHL,Chile, -   ,143.4, -   , -   ,7.79,7.79,231001
2018,CHL,Chile, -   ,286.18, -   , -   ,15.26,15.26,257934
2019,CHL,Chile, -   ,483.94, -   , -   , -   ,0, -   
2013,CHN,China, -   ,4813.91,4813.91, -   ,3.54,3.54,15047280
2014,CHN,China,230.37,22293.34,22523.71,0.17,16.3,16.47,17674287
2015,CHN,China,8681.93,92132.24,100814.2,6.32,67.02,73.34,21590483
2016,CHN,China,55473.09,236099.78,291572.9,40.12,170.75,210.87,24273782
2017,CHN,China,171920.79,356039.28,527960.1,123.68,256.13,379.81,26604400
2018,CHN,China,362935.97,215368.41,578304.4,260.1,154.34,414.44,30218035
2019,CHN,China,515877.73,110835.89,626713.6,368.47,79.17,447.64, -   
2013,COL,Colombia, -   , -   , -   , -   , -   ,0,171721
2014,COL,Colombia, -   , -   , -   , -   , -   ,0,180102
2015,COL,Colombia, -   , -   , -   , -   , -   ,0,153647
2016,COL,Colombia, -   ,130.67, -   , -   ,2.68,2.68,150327
2017,COL,Colombia, -   ,49.93, -   , -   ,1.01,1.01,175716
2018,COL,Colombia, -   ,191.3, -   , -   ,3.84,3.84,184783
2019,COL,Colombia, -   ,448.26, -   , -   , -   ,0, -   
2013,CPV,Cabo Verde, -   , -   , -   , -   , -   ,0, -   
2014,CPV,Cabo Verde, -   , -   , -   , -   , -   ,0, -   
2015,CPV,Cabo Verde, -   , -   , -   , -   , -   ,0, -   
2016,CPV,Cabo Verde, -   , -   , -   , -   , -   ,0, -   
2017,CPV,Cabo Verde, -   , -   , -   , -   , -   ,0, -   
2018,CPV,Cabo Verde, -   , -   , -   , -   , -   ,0, -   
2013,CZE,Czech Republic, -   , -   , -   , -   , -   ,0,145142
2014,CZE,Czech Republic, -   ,0.02, -   , -   , -   ,0,150770
2015,CZE,Czech Republic, -   ,7.93, -   , -   ,0.75,0.75,128639
2016,CZE,Czech Republic, -   ,30.87, -   , -   ,2.93,2.93,130353
2017,CZE,Czech Republic, -   ,29.66, -   , -   ,2.8,2.8,133998
2018,CZE,Czech Republic, -   ,54.93, -   , -   ,5.18,5.18,153912
2019,CZE,Czech Republic, -   ,88.78, -   , -   , -   ,0, -   
2013,DEU,Germany, -   ,48.33, -   , -   ,0.6,0.6,5138213
2014,DEU,Germany, -   ,115.04, -   , -   ,1.42,1.42,5445922
2015,DEU,Germany, -   ,205.58, -   , -   ,2.52,2.52,4537184
2016,DEU,Germany, -   ,237.62, -   , -   ,2.89,2.89,4653857
2017,DEU,Germany, -   ,454.24, -   , -   ,5.5,5.5,4738726
2018,DEU,Germany, -   ,882.56, -   , -   ,10.65,10.65,5036012
2019,DEU,Germany, -   ,1868.54, -   , -   , -   ,0, -   
2013,DNK,Denmark, -   , -   , -   , -   , -   ,0,737176
2014,DNK,Denmark, -   , -   , -   , -   , -   ,0,769959
2015,DNK,Denmark, -   ,21.79, -   , -   ,3.85,3.85,646519
2016,DNK,Denmark, -   ,89.63, -   , -   ,15.7,15.7,659960
2017,DNK,Denmark, -   ,44.96, -   , -   ,7.82,7.82,650753
2018,DNK,Denmark, -   ,140.59, -   , -   ,24.32,24.32,704624
2019,DNK,Denmark, -   ,297.64, -   , -   , -   ,0, -   
2013,ECU,Ecuador, -   , -   , -   , -   , -   ,0,28011
2014,ECU,Ecuador, -   , -   , -   , -   , -   ,0,31969
2015,ECU,Ecuador, -   , -   , -   , -   , -   ,0,31302
2016,ECU,Ecuador, -   ,4.4, -   , -   ,0.27,0.27,35558
2017,ECU,Ecuador, -   ,6.62, -   , -   ,0.39,0.39,39364
2018,ECU,Ecuador, -   ,8.61, -   , -   ,0.51,0.51,42566
2019,ECU,Ecuador, -   ,10.89, -   , -   , -   ,0, -   
2013,EST,Estonia, -   ,10.06, -   , -   ,7.63,7.63,17875
2014,EST,Estonia, -   ,29.35, -   , -   ,22.31,22.31,18682
2015,EST,Estonia, -   ,31.46, -   , -   ,23.92,23.92,17373
2016,EST,Estonia, -   ,84.16, -   , -   ,63.96,63.96,18933
2017,EST,Estonia, -   ,83.79, -   , -   ,63.6,63.6,19441
2018,EST,Estonia, -   ,151.93, -   , -   ,114.93,114.93,21607
2019,EST,Estonia, -   ,321.67, -   , -   , -   ,0, -   
2013,EGY,"Egypt, Arab Rep.", -   , -   , -   , -   , -   ,0,233968
2014,EGY,"Egypt, Arab Rep.", -   ,0.03,0.03, -   , -   ,0,266014
2015,EGY,"Egypt, Arab Rep.", -   ,0.34,0.34, -   , -   ,0,316358
2016,EGY,"Egypt, Arab Rep.", -   ,0.5,0.5, -   ,0.01,0.01,397651
2017,EGY,"Egypt, Arab Rep.",0.25,0.48,0.73, -   ,0.01,0.01,234276
2018,EGY,"Egypt, Arab Rep.",1,0.58,1.58,0.01,0.01,0.02,229758
2019,EGY,"Egypt, Arab Rep.",1,0.69,1.69,0.01,0.01,0.02, -   
2013,ESP,Spain, -   ,3.75, -   , -   ,0.08,0.08,3046073
2014,ESP,Spain, -   ,19.88, -   , -   ,0.43,0.43,2913319
2015,ESP,Spain, -   ,32.46, -   , -   ,0.7,0.7,2322942
2016,ESP,Spain, -   ,86.39, -   , -   ,1.86,1.86,2320177
2017,ESP,Spain, -   ,139.78, -   , -   ,3.01,3.01,2345872
2018,ESP,Spain, -   ,347.65, -   , -   ,7.48,7.48,2377665
2019,ESP,Spain, -   ,736.04, -   , -   , -   ,0, -   
2013,FIN,Finland, -   ,19.32, -   , -   ,3.56,3.56,383646
2014,FIN,Finland, -   ,18.6, -   , -   ,3.41,3.41,448922
2015,FIN,Finland, -   ,60.44, -   , -   ,11.05,11.05,364724
2016,FIN,Finland, -   ,121.24, -   , -   ,22.1,22.1,369221
2017,FIN,Finland, -   ,158.07, -   , -   ,28.72,28.72,305061
2018,FIN,Finland, -   ,300.39, -   , -   ,54.49,54.49,378518
2019,FIN,Finland, -   ,635.99, -   , -   , -   ,0, -   
2013,FRA,France, -   ,69.26,69.26, -   ,1.09,1.09,4043919
2014,FRA,France, -   ,144.96,144.96, -   ,2.26,2.26,4192882
2015,FRA,France, -   ,201.04,201.04, -   ,3.13,3.13,3596081
2016,FRA,France, -   ,343.61,343.61, -   ,5.33,5.33,3827441
2017,FRA,France,32.14,552.17,584.31,0.5,8.54,9.04,4080511
2018,FRA,France,201.8,647.43,849.24,3.12,10,13.12,4446996
2019,FRA,France,442.14,1370.73,1812.87,6.82,21.15,27.97, -   
2013,GBR,United Kingdom,14.38,916.82,931.2,0.22,14.3,14.52,4934015
2014,GBR,United Kingdom,33.04,3163.08,3196.13,0.51,48.97,49.48,5046961
2015,GBR,United Kingdom,62.36,3913.62,3975.99,0.96,60.11,61.07,4650599
2016,GBR,United Kingdom,100.93,9042.97,9143.91,1.54,137.75,139.29,4411061
2017,GBR,United Kingdom,94.38,7111.5,7205.89,1.43,107.68,109.11,4396589
2018,GBR,United Kingdom,93.05,9312.95,9406,1.4,140.18,141.58,4647394
2019,GBR,United Kingdom,112.88,11476.03,11588.92,1.69,171.62,173.31, -   
2013,GHA,Ghana, -   ,2.17,2.17, -   ,0.08,0.08,16695
2014,GHA,Ghana, -   ,2.1,2.1, -   ,0.08,0.08,14815
2015,GHA,Ghana, -   ,3.22,3.22, -   ,0.12,0.12,13214
2016,GHA,Ghana, -   ,1.43,1.43, -   ,0.05,0.05,14670
2017,GHA,Ghana,87.72,1.8,89.51,3.03,0.06,3.09,14452
2018,GHA,Ghana,435.57,4.91,440.48,14.74,0.17,14.91,17079
2019,GHA,Ghana,972.6,9.84,982.45,32.24,0.33,32.57, -   
2013,GTM,Guatemala, -   , -   , -   , -   , -   ,0,22644
2014,GTM,Guatemala, -   , -   , -   , -   , -   ,0,25455
2015,GTM,Guatemala, -   , -   , -   , -   , -   ,0,27983
2016,GTM,Guatemala, -   ,3.5, -   , -   ,0.21,0.21,29087
2017,GTM,Guatemala, -   ,4.3, -   , -   ,0.25,0.25,30556
2018,GTM,Guatemala, -   ,11.2, -   , -   ,0.65,0.65,31650
2019,GTM,Guatemala, -   ,21.93, -   , -   , -   ,0, -   
2013,HKG,"Hong Kong SAR, China", -   , -   , -   , -   , -   ,0,613694
2014,HKG,"Hong Kong SAR, China", -   ,0.25, -   , -   ,0.03,0.03,687828
2015,HKG,"Hong Kong SAR, China", -   ,5.5, -   , -   ,0.75,0.75,655485
2016,HKG,"Hong Kong SAR, China", -   , -   , -   , -   , -   ,0,643864
2017,HKG,"Hong Kong SAR, China", -   ,0.55, -   , -   ,0.07,0.07,740891
2018,HKG,"Hong Kong SAR, China", -   ,4, -   , -   ,0.53,0.53,798342
2019,HKG,"Hong Kong SAR, China", -   ,11.94, -   , -   , -   ,0, -   
2013,IDN,Indonesia, -   ,0.5,0.5, -   , -   ,0,385949
2014,IDN,Indonesia, -   ,1,1, -   , -   ,0,377787
2015,IDN,Indonesia, -   ,0.11,0.11, -   , -   ,0,365082
2016,IDN,Indonesia, -   ,28.73,28.73, -   ,0.11,0.11,401604
2017,IDN,Indonesia,339.61,61.49,401.1,1.3,0.24,1.54,427689
2018,IDN,Indonesia,640.06,1447.46,2087.52,2.42,5.48,7.9,446235
2019,IDN,Indonesia,1115.54,3802.5,4918.05,4.18,14.25,18.43, -   
2013,IRL,Ireland, -   , -   , -   , -   , -   ,0,459008
2014,IRL,Ireland, -   ,0.01, -   , -   , -   ,0,415416
2015,IRL,Ireland, -   ,2.22, -   , -   ,0.47,0.47,311117
2016,IRL,Ireland, -   ,83, -   , -   ,17.4,17.4,301073
2017,IRL,Ireland, -   ,119.53, -   , -   ,24.77,24.77,281350
2018,IRL,Ireland, -   ,18.9, -   , -   ,3.87,3.87,276466
2019,IRL,Ireland, -   ,40.01, -   , -   , -   ,0, -   
2013,ISR,Israel, -   ,0.32, -   , -   ,0.04,0.04,246472
2014,ISR,Israel, -   ,7.4, -   , -   ,0.9,0.9,261711
2015,ISR,Israel, -   ,20.2, -   , -   ,2.41,2.41,246263
2016,ISR,Israel, -   ,33.18, -   , -   ,3.88,3.88,257723
2017,ISR,Israel, -   ,171.05, -   , -   ,19.64,19.64,279495
2018,ISR,Israel, -   ,687.43, -   , -   ,77.42,77.42,296701
2019,ISR,Israel, -   ,1643.64, -   , -   , -   ,0, -   
2013,IND,India, -   ,3.84,3.84, -   , -   ,0,1446699
2014,IND,India, -   ,5.11,5.11, -   , -   ,0,1547864
2015,IND,India, -   ,19.77,19.77, -   ,0.02,0.02,1590545
2016,IND,India, -   ,90.44,90.44, -   ,0.07,0.07,1709188
2017,IND,India,1,227.31,228.31, -   ,0.17,0.17,1912019
2018,IND,India,170,499.31,669.31,0.13,0.37,0.5,1955074
2019,IND,India,170,1115.05,1285.05,0.13,0.82,0.95, -   
2013,ITA,Italy, -   , -   , -   , -   , -   ,0,3680766
2014,ITA,Italy, -   ,3.32, -   , -   ,0.05,0.05,3709213
2015,ITA,Italy, -   ,16.61, -   , -   ,0.27,0.27,3111487
2016,ITA,Italy, -   ,116.15, -   , -   ,1.91,1.91,3174987
2017,ITA,Italy, -   ,252.12, -   , -   ,4.16,4.16,3221674
2018,ITA,Italy, -   ,495.39, -   , -   ,8.19,8.19,3382829
2019,ITA,Italy, -   ,1048.83, -   , -   , -   ,0, -   
2013,JOR,Jordan, -   ,1.26, -   , -   ,0.15,0.15,37137
2014,JOR,Jordan, -   ,1.36, -   , -   ,0.15,0.15,37475
2015,JOR,Jordan, -   ,3.93, -   , -   ,0.43,0.43,39161
2016,JOR,Jordan, -   ,3.25, -   , -   ,0.34,0.34,41540
2017,JOR,Jordan, -   ,6.64, -   , -   ,0.68,0.68,43456
2018,JOR,Jordan, -   ,12.82, -   , -   ,1.29,1.29,46629
2019,JOR,Jordan, -   ,21.25, -   , -   , -   ,0, -   
2013,JPN,Japan,8097.5,78.54,8176.04,63.59,0.62,64.21,12989181
2014,JPN,Japan,9479.68,107.63,9587.31,74.57,0.85,75.42,12470360
2015,JPN,Japan,10133.58,326,10459.58,79.81,2.57,82.38,11356991
2016,JPN,Japan,14115.5,373.33,14488.84,111.18,2.94,114.12,13376089
2017,JPN,Japan,16300.24,236.11,16536.35,128.61,1.86,130.47,13535669
2018,JPN,Japan,19014.48,920.4,19934.88,150.32,7.28,157.6,13942746
2019,JPN,Japan,25693.76,2172.62,27866.38,203.61,17.22,220.83, -   
2013,KEN,Kenya,50,9.28,59.28,1.2,0.22,1.42,24120
2014,KEN,Kenya,100,10.87,110.87,2.33,0.25,2.58,27539
2015,KEN,Kenya,200,10.9,210.9,4.52,0.25,4.77,29042
2016,KEN,Kenya,300,10.51,310.51,6.6,0.23,6.83,30171
2017,KEN,Kenya,500.67,16.97,517.64,10.71,0.36,11.07,31915
2018,KEN,Kenya,1001,31.57,1032.57,20.84,0.66,21.5,34340
2019,KEN,Kenya,2001,51.16,2052.16,40.54,1.04,41.58, -   
2013,KHM,Cambodia, -   , -   , -   , -   , -   ,0,7133
2014,KHM,Cambodia, -   , -   , -   , -   , -   ,0,9298
2015,KHM,Cambodia, -   , -   , -   , -   , -   ,0,11775
2016,KHM,Cambodia, -   ,4.49,4.49, -   ,0.28,0.28,14244
2017,KHM,Cambodia,7.39,8.19,15.58,0.46,0.51,0.97,16503
2018,KHM,Cambodia,13.92,9.66,23.58,0.86,0.59,1.45,20955
2019,KHM,Cambodia,24.27,11.26,35.52,1.47,0.68,2.15, -   
2013,KOR,"Korea, Rep.", -   ,0.83,0.83, -   ,0.02,0.02,2135745
2014,KOR,"Korea, Rep.", -   ,1.22,1.22, -   ,0.02,0.02,2408965
2015,KOR,"Korea, Rep.", -   ,38.3,38.3, -   ,0.75,0.75,2432556
2016,KOR,"Korea, Rep.", -   ,367.84,367.84, -   ,7.18,7.18,2544451
2017,KOR,"Korea, Rep.",4843.26,854.92,5698.18,94.3,16.64,110.94,2761549
2018,KOR,"Korea, Rep.",7989.19,550.55,8539.75,154.81,10.67,165.48,3043357
2019,KOR,"Korea, Rep.",12373.49,2300.18,14673.68,239.29,44.48,283.77, -   
2013,KZ,Kazakhstan, -   , -   , -   , -   , -   ,0, -   
2014,KZ,Kazakhstan, -   , -   , -   , -   , -   ,0, -   
2015,KZ,Kazakhstan, -   , -   , -   , -   , -   ,0, -   
2016,KZ,Kazakhstan, -   , -   , -   , -   , -   ,0, -   
2017,KZ,Kazakhstan, -   , -   , -   , -   , -   ,0, -   
2018,KZ,Kazakhstan, -   , -   , -   , -   , -   ,0, -   
2013,LAO,Lao PDR, -   , -   , -   , -   , -   ,0,2650
2014,LAO,Lao PDR, -   , -   , -   , -   , -   ,0,2845
2015,LAO,Lao PDR, -   , -   , -   , -   , -   ,0,3079
2016,LAO,Lao PDR, -   , -   , -   , -   , -   ,0,3248
2017,LAO,Lao PDR, -   ,0.29, -   , -   ,0.04,0.04,3466
2018,LAO,Lao PDR, -   ,0.05, -   , -   ,0.01,0.01,3735
2019,LAO,Lao PDR, -   , -   , -   , -   , -   ,0, -   
2013,LBN,Lebanon, -   ,1.66, -   , -   ,0.28,0.28,83284
2014,LBN,Lebanon, -   ,1.85, -   , -   ,0.3,0.3,88834
2015,LBN,Lebanon, -   ,3.16, -   , -   ,0.48,0.48,96988
2016,LBN,Lebanon, -   ,3.7, -   , -   ,0.55,0.55,103884
2017,LBN,Lebanon, -   ,5.28, -   , -   ,0.77,0.77,105757
2018,LBN,Lebanon, -   ,6.06, -   , -   ,0.88,0.88,113957
2019,LBN,Lebanon, -   ,6.9, -   , -   , -   ,0, -   
2013,LTU,Lithuania, -   , -   , -   , -   , -   ,0,23654
2014,LTU,Lithuania, -   , -   , -   , -   , -   ,0,22018
2015,LTU,Lithuania, -   ,3.6, -   , -   ,1.24,1.24,19593
2016,LTU,Lithuania, -   ,29.02, -   , -   ,10.12,10.12,22342
2017,LTU,Lithuania, -   ,68.08, -   , -   ,24.07,24.07,21862
2018,LTU,Lithuania, -   ,122.82, -   , -   ,43.84,43.84,25414
2019,LTU,Lithuania, -   ,260.03, -   , -   , -   ,0, -   
2013,LVA,Latvia, -   , -   , -   , -   , -   ,0,18234
2014,LVA,Latvia, -   , -   , -   , -   , -   ,0,16919
2015,LVA,Latvia, -   ,16.68, -   , -   ,8.4,8.4,15682
2016,LVA,Latvia, -   ,29.99, -   , -   ,15.23,15.23,15861
2017,LVA,Latvia, -   ,104.04, -   , -   ,53.35,53.35,16265
2018,LVA,Latvia, -   ,254.5, -   , -   ,131.56,131.56,15464
2019,LVA,Latvia, -   ,538.81, -   , -   , -   ,0, -   
2013,MA,Morocco, -   , -   , -   , -   , -   ,0,119890
2014,MAR,Morocco, -   , -   , -   , -   , -   ,0,122998
2015,MAR,Morocco, -   , -   , -   , -   , -   ,0,107754
2016,MAR,Morocco, -   , -   , -   , -   , -   ,0,112162
2017,MAR,Morocco,0.25, -   , -   ,0.01, -   ,0.01,119410
2018,MAR,Morocco,1, -   ,1,0.03, -   ,0.03,130607
2019,MAR,Morocco,1, -   ,1,0.03, -   ,0.03, -   
2013,MDG,Madagascar, -   , -   , -   , -   , -   ,0,1941
2014,MDG,Madagascar, -   , -   , -   , -   , -   ,0,2049
2015,MDG,Madagascar, -   ,0.31, -   , -   ,0.01,0.01,1996
2016,MDG,Madagascar, -   ,0.61, -   , -   ,0.02,0.02,2054
2017,MDG,Madagascar, -   ,0.61, -   , -   ,0.02,0.02,2398
2018,MDG,Madagascar, -   ,0.83, -   , -   ,0.03,0.03,2545
2019,MDG,Madagascar, -   ,1.08, -   , -   , -   ,0, -   
2013,MLI,Mali, -   ,1.78, -   , -   ,0.11,0.11,2871
2014,MLI,Mali, -   ,3.1, -   , -   ,0.19,0.19,3446
2015,MLI,Mali, -   ,1.75, -   , -   ,0.1,0.1,3542
2016,MLI,Mali, -   ,1.84, -   , -   ,0.11,0.11,4397
2017,MLI,Mali, -   ,1.8, -   , -   ,0.1,0.1,4826
2018,MLI,Mali, -   ,1.26, -   , -   ,0.07,0.07,5495
2019,MLI,Mali, -   ,0.81, -   , -   , -   ,0, -   
2013,MLT,Myanmar, -   , -   , -   , -   , -   ,0,16195
2014,MLT,Myanmar, -   , -   , -   , -   , -   ,0,18325
2015,MLT,Myanmar, -   , -   , -   , -   , -   ,0,21049
2016,MLT,Myanmar, -   , -   , -   , -   , -   ,0,23739
2017,MLT,Myanmar,22.5,1.61,24.11,0.43,0.03,0.46,26161
2018,MLT,Myanmar,42.41,1.23,43.64,0.81,0.02,0.83,29217
2019,MLT,Myanmar,73.92,0.89,74.81,1.4,0.02,1.42, -   
2013,MWI,Malawi, -   ,0.05, -   , -   , -   ,0,1139
2014,MWI,Malawi, -   ,0.12, -   , -   ,0.01,0.01,917
2015,MWI,Malawi, -   ,0.54, -   , -   ,0.03,0.03,1085
2016,MWI,Malawi, -   ,1.05, -   , -   ,0.06,0.06,1076
2017,MWI,Malawi, -   ,1.72, -   , -   ,0.09,0.09,1148
2018,MWI,Malawi, -   ,2.25, -   , -   ,0.11,0.11,1237
2019,MWI,Malawi, -   ,2.85, -   , -   , -   ,0, -   
2013,MEX,Mexico, -   ,0.78,0.78, -   ,0.01,0.01,448829
2014,MEX,Mexico, -   ,2.8,2.8, -   ,0.02,0.02,457295
2015,MEX,Mexico, -   ,9.21,9.21, -   ,0.08,0.08,433086
2016,MEX,Mexico, -   ,105.93,105.93, -   ,0.86,0.86,437419
2017,MEX,Mexico,12.7,112.44,125.14,0.1,0.9,1,451218
2018,MEX,Mexico,23.3,204.84,228.14,0.18,1.62,1.8,466367
2019,MEX,Mexico,48.7,327.71,376.41,0.38,2.57,2.95, -   
2013,MYS,Malaysia, -   , -   , -   , -   , -   ,0,453640
2014,MYS,Malaysia, -   , -   , -   , -   , -   ,0,481921
2015,MYS,Malaysia, -   , -   , -   , -   , -   ,0,429020
2016,MYS,Malaysia, -   ,1,1, -   ,0.03,0.03,430687
2017,MYS,Malaysia,104.48,4.68,109.16,3.26,0.15,3.41,441494
2018,MYS,Malaysia,196.91,55.21,252.12,6.08,1.7,7.78,514592
2019,MYS,Malaysia,343.19,191.47,534.66,10.53,5.88,16.41, -   
2013,MZ,Mozambique, -   ,0.3,0.3, -   ,0.01,0.01,4570
2014,MZ,Mozambique, -   ,0.38,0.38, -   ,0.01,0.01,5894
2015,MZ,Mozambique, -   ,0.59,0.59, -   ,0.02,0.02,6388
2016,MZ,Mozambique, -   ,0.54,0.54, -   ,0.02,0.02,4803
2017,MZ,Mozambique, -   ,0.53,0.53, -   ,0.02,0.02,4036
2018,MZ,Mozambique, -   ,0.55,0.55, -   ,0.02,0.02,4484
2019,MZ,Mozambique, -   ,0.57,0.57, -   ,0.02,0.02, -   
2013,NGA,Nigeria, -   ,3.31,3.31, -   ,0.02,0.02,108959
2014,NGA,Nigeria, -   ,6.91,6.91, -   ,0.04,0.04,118563
2015,NGA,Nigeria, -   ,5.35,5.35, -   ,0.03,0.03,110362
2016,NGA,Nigeria, -   ,10.6,10.6, -   ,0.06,0.06,105841
2017,NGA,Nigeria,0.67,1.89,2.56, -   ,0.01,0.01,84882
2018,NGA,Nigeria,1,9.94,10.94,0.01,0.05,0.06,87632
2019,NGA,Nigeria,1,26.43,27.43, -   ,0.13,0.13, -   
2013,NLD,Netherlands, -   ,48.63, -   , -   ,2.9,2.9,1814928
2014,NLD,Netherlands, -   ,78.03, -   , -   ,4.64,4.64,1922808
2015,NLD,Netherlands, -   ,91.31, -   , -   ,5.4,5.4,1565068
2016,NLD,Netherlands, -   ,168.06, -   , -   ,9.9,9.9,1623928
2017,NLD,Netherlands, -   ,259.58, -   , -   ,15.2,15.2,1588387
2018,NLD,Netherlands, -   ,1767.88, -   , -   ,102.9,102.9,1615579
2019,NLD,Netherlands, -   ,3742.92, -   , -   , -   ,0, -   
2013,NOR,Norway, -   , -   , -   , -   , -   ,0,675067.96
2014,NOR,Norway, -   , -   , -   , -   , -   ,0,672589.21
2015,NOR,Norway, -   , -   , -   , -   , -   ,0,560024.44
2016,NOR,Norway, -   , -   , -   , -   , -   ,0,557842.02
2017,NOR,Norway, -   ,3.27,3.27, -   ,0.62,0.62,601969.62
2018,NOR,Norway, -   ,15,15, -   ,2.82,2.82,641927.08
2019,NOR,Norway, -   ,30,30, -   ,5.6,5.6, -   
2013,NZL,New Zealand, -   ,0.42, -   , -   ,0.09,0.09,280658
2014,NZL,New Zealand, -   ,13.56, -   , -   ,2.98,2.98,301539
2015,NZL,New Zealand, -   ,244.97, -   , -   ,52.87,52.87,268183
2016,NZL,New Zealand, -   ,190.31, -   , -   ,40.27,40.27,285188
2017,NZL,New Zealand, -   ,243.32, -   , -   ,50.64,50.64,309662
2018,NZL,New Zealand, -   ,247.65, -   , -   ,50.73,50.73,319409
2019,NZL,New Zealand, -   ,282.98, -   , -   , -   ,0, -   
2013,PAN,Panama, -   , -   , -   , -   , -   ,0,28831
2014,PAN,Panama, -   , -   , -   , -   , -   ,0,38667
2015,PAN,Panama, -   , -   , -   , -   , -   ,0,42980
2016,PAN,Panama, -   ,0.8, -   , -   ,0.2,0.2,46372
2017,PAN,Panama, -   ,4.83, -   , -   ,1.18,1.18,50995
2018,PAN,Panama, -   ,3.06, -   , -   ,0.74,0.74,53627
2019,PAN,Panama, -   ,1.66, -   , -   , -   ,0, -   
2013,PER,Peru, -   , -   , -   , -   , -   ,0,52574
2014,PER,Peru, -   , -   , -   , -   , -   ,0,60293
2015,PER,Peru, -   ,0.08, -   , -   , -   ,0,63450
2016,PER,Peru, -   ,9.76, -   , -   ,0.31,0.31,63478
2017,PER,Peru, -   ,28.18, -   , -   ,0.89,0.89,74983
2018,PER,Peru, -   ,157.88, -   , -   ,4.91,4.91,85105
2019,PER,Peru, -   ,429.93, -   , -   , -   ,0, -   
2013,PHL,Philippines, -   , -   , -   , -   , -   ,0,141089
2014,PHL,Philippines, -   , -   , -   , -   , -   ,0,158868
2015,PHL,Philippines, -   , -   , -   , -   , -   ,0,172740
2016,PHL,Philippines, -   , -   , -   , -   , -   ,0,193712
2017,PHL,Philippines,3.8,18.39,22.19,0.04,0.18,0.22,207859
2018,PHL,Philippines,8.39,115.28,123.67,0.08,1.08,1.16,228532
2019,PHL,Philippines,78.8,326.88,405.68,0.73,3.02,3.75, -   
2013,PAK,Pakistan,101.53, -   ,101.54,0.56, -   ,0.56,114479
2014,PAK,Pakistan,100.98,0.02,101,0.54, -   ,0.54,116026
2015,PAK,Pakistan,102.77,0.08,102.85,0.54, -   ,0.54,131931
2016,PAK,Pakistan,104.77, -   , -   ,0.54, -   ,0.54,145893
2017,PAK,Pakistan,105.44,7.78,113.23,0.53,0.04,0.57,164253
2018,PAK,Pakistan,121.63,4.17,125.8,0.61,0.02,0.63,182157
2019,PAK,Pakistan,150.18,1.57,151.75,0.73,0.01,0.74, -   
2013,POL,Poland, -   ,2.11, -   , -   ,0.06,0.06,352538
2014,POL,Poland, -   ,2.38, -   , -   ,0.06,0.06,387394
2015,POL,Poland, -   ,6.61, -   , -   ,0.17,0.17,349194
2016,POL,Poland, -   ,35.95, -   , -   ,0.95,0.95,356658
2017,POL,Poland, -   ,149.5, -   , -   ,3.94,3.94,386941
2018,POL,Poland, -   ,310.25, -   , -   ,8.17,8.17,430184
2019,POL,Poland, -   ,656.86, -   , -   , -   ,0, -   
2013,PRT,Portugal, -   , -   , -   , -   , -   ,0,426399
2014,PRT,Portugal, -   , -   , -   , -   , -   ,0,399584
2015,PRT,Portugal, -   ,0.88, -   , -   ,0.09,0.09,332483
2016,PRT,Portugal, -   ,3.65, -   , -   ,0.35,0.35,327095
2017,PRT,Portugal, -   ,8.69, -   , -   ,0.84,0.84,336001
2018,PRT,Portugal, -   ,15.3, -   , -   ,1.49,1.49,357125
2019,PRT,Portugal, -   ,32.39, -   , -   , -   ,0, -   
2013,PRY,Paraguay, -   , -   , -   , -   , -   ,0,11122
2014,PRY,Paraguay, -   ,0.02, -   , -   , -   ,0,12595
2015,PRY,Paraguay, -   ,0.09, -   , -   ,0.01,0.01,13368
2016,PRY,Paraguay, -   ,9.46, -   , -   ,1.38,1.38,12386
2017,PRY,Paraguay, -   ,10.56, -   , -   ,1.52,1.52,13025
2018,PRY,Paraguay, -   ,21.91, -   , -   ,3.11,3.11,14808
2019,PRY,Paraguay, -   ,37.91, -   , -   , -   ,0, -   
2013,RUS,Russian Federation,2234.07, -   , -   ,15.55, -   ,15.55,1010053
2014,RUS,Russian Federation,4055.73, -   , -   ,27.72, -   ,27.72,1075743
2015,RUS,Russian Federation,1920.74,6.66,1927.4,13.11,0.05,13.16,780870
2016,RUS,Russian Federation,637.99,0.86,638.85,4.35,0.01,4.36,745726
2017,RUS,Russian Federation,1063.68,30.17,1093.84,7.24,0.21,7.45,923925
2018,RUS,Russian Federation,2034.77,116.36,2151.12,13.86,0.79,14.65,898258
2019,RUS,Russian Federation,2311.78,273.44,2585.22,15.76,1.86,17.62, -   
2013,RWA,Rwanda, -   ,1.81,1.81, -   ,0.17,0.17,951
2014,RWA,Rwanda, -   ,2.35,2.35, -   ,0.21,0.21,1387
2015,RWA,Rwanda, -   ,4.17,4.17, -   ,0.37,0.37,1589
2016,RWA,Rwanda, -   ,5.12,5.12, -   ,0.44,0.44,1604
2017,RWA,Rwanda,3.18,6.35,9.53,0.27,0.54,0.81,1731
2018,RWA,Rwanda,7.11, -   , -   ,0.59, -   ,0.59,1861
2019,RWA,Rwanda,15.9, -   , -   ,1.28, -   ,1.28, -   
2013,SAU,Saudi Arabia, -   , -   , -   , -   , -   ,0,3501
2014,SAU,Saudi Arabia, -   , -   , -   , -   , -   ,0,13351
2015,SAU,Saudi Arabia, -   , -   , -   , -   , -   ,0,134130
2016,SAU,Saudi Arabia, -   , -   , -   , -   , -   ,0,219662
2017,SAU,Saudi Arabia, -   ,0.19, -   , -   ,0.01,0.01,267050
2018,SAU,Saudi Arabia, -   , -   , -   , -   , -   ,0,287758
2019,SAU,Saudi Arabia, -   , -   , -   , -   , -   ,0, -   
2013,SWE,Sweden, -   ,93.09, -   , -   ,9.65,9.65,863775
2014,SWE,Sweden, -   ,133.01, -   , -   ,13.65,13.65,899078
2015,SWE,Sweden, -   ,2.51, -   , -   ,0.26,0.26,751181
2016,SWE,Sweden, -   ,6.93, -   , -   ,0.69,0.69,794918
2017,SWE,Sweden, -   ,122.36, -   , -   ,12.09,12.09,887458
2018,SWE,Sweden, -   ,176.58, -   , -   ,17.26,17.26,851565
2019,SWE,Sweden, -   ,241.35, -   , -   , -   ,0, -   
2013,SGP,Singapore, -   , -   , -   , -   , -   ,0,335591
2014,SGP,Singapore, -   ,5.37,5.37, -   ,0.98,0.98,388771
2015,SGP,Singapore, -   ,21.33,21.33, -   ,3.85,3.85,354359
2016,SGP,Singapore, -   ,100.92,100.92, -   ,18,18,402096
2017,SGP,Singapore, -   ,137.91,137.91, -   ,24.57,24.57,460758
2018,SGP,Singapore,2.96,333.87,336.84,0.53,59.21,59.74,509794
2019,SGP,Singapore,17.59,629.08,646.67,3.08,110.3,113.38, -   
2013,SVN,Slovenia, -   , -   , -   , -   , -   ,0,39907
2014,SVN,Slovenia, -   , -   , -   , -   , -   ,0,34042
2015,SVN,Slovenia, -   ,0.01, -   , -   ,0.01,0.01,30537
2016,SVN,Slovenia, -   ,3.32, -   , -   ,1.61,1.61,31732
2017,SVN,Slovenia, -   ,15.37, -   , -   ,7.44,7.44,33274
2018,SVN,Slovenia, -   ,36.01, -   , -   ,17.42,17.42,34846
2019,SVN,Slovenia, -   ,76.24, -   , -   , -   ,0, -   
2013,SVK,Slovak Republic, -   ,1.33, -   , -   ,0.25,0.25,61093
2014,SVK,Slovak Republic, -   ,1.33, -   , -   ,0.25,0.25,65919
2015,SVK,Slovak Republic, -   ,1.86, -   , -   ,0.34,0.34,64504
2016,SVK,Slovak Republic, -   ,2.72, -   , -   ,0.5,0.5,69907
2017,SVK,Slovak Republic, -   ,11.4, -   , -   ,2.1,2.1,75973
2018,SVK,Slovak Republic, -   ,22.58, -   , -   ,4.15,4.15,84636
2019,SVK,Slovak Republic, -   ,47.81, -   , -   , -   ,0, -   
2013,SLE,Sierra Leone, -   ,1.81, -   , -   ,0.27,0.27,600
2014,SLE,Sierra Leone, -   ,1.4, -   , -   ,0.2,0.2,726
2015,SLE,Sierra Leone, -   ,0.56, -   , -   ,0.08,0.08,789
2016,SLE,Sierra Leone, -   ,1.12, -   , -   ,0.15,0.15,825
2017,SLE,Sierra Leone, -   ,1.24, -   , -   ,0.17,0.17,818
2018,SLE,Sierra Leone, -   ,1.29, -   , -   ,0.17,0.17,927
2019,SLE,Sierra Leone, -   ,1.35, -   , -   , -   ,0, -   
2013,SEN,Senegal, -   ,2.04, -   , -   ,0.14,0.14,5943
2014,SEN,Senegal, -   ,2.15, -   , -   ,0.15,0.15,6329
2015,SEN,Senegal, -   ,1.98, -   , -   ,0.13,0.13,5985
2016,SEN,Senegal, -   ,1.43, -   , -   ,0.09,0.09,6917
2017,SEN,Senegal, -   ,2.74, -   , -   ,0.17,0.17,7887
2018,SEN,Senegal, -   ,3.58, -   , -   ,0.22,0.22,8228
2019,SEN,Senegal, -   ,4.53, -   , -   , -   ,0, -   
2013,SLV,El Salvador, -   , -   , -   , -   , -   ,0,11856
2014,SLV,El Salvador, -   , -   , -   , -   , -   ,0,12263
2015,SLV,El Salvador, -   , -   , -   , -   , -   ,0,13283
2016,SLV,El Salvador, -   ,4.85, -   , -   ,0.76,0.76,13733
2017,SLV,El Salvador, -   ,5.71, -   , -   ,0.89,0.89,14246
2018,SLV,El Salvador, -   ,4.66, -   , -   ,0.73,0.73,15207
2019,SLV,El Salvador, -   ,3.72, -   , -   , -   ,0, -   
2013,SWZ,Eswatini, -   , -   , -   , -   , -   ,0,700
2014,SWZ,Eswatini, -   , -   , -   , -   , -   ,0,729
2015,SWZ,Eswatini, -   , -   , -   , -   , -   ,0,681
2016,SWZ,Eswatini, -   , -   , -   , -   , -   ,0,830
2017,SWZ,Eswatini, -   , -   , -   , -   , -   ,0,1063
2018,SWZ,Eswatini, -   , -   , -   , -   , -   ,0,1307
2019,SWZ,Eswatini, -   , -   , -   , -   , -   ,0, -   
2013,TGO,Togo, -   ,0.56, -   , -   ,0.08,0.08,1869
2014,TGO,Togo, -   ,0.42, -   , -   ,0.06,0.06,1914
2015,TGO,Togo, -   ,0.39, -   , -   ,0.05,0.05,1894
2016,TGO,Togo, -   ,0.43, -   , -   ,0.06,0.06,1991
2017,TGO,Togo, -   ,0.72, -   , -   ,0.09,0.09,2304
2018,TGO,Togo, -   ,0.85, -   , -   ,0.11,0.11,2584
2019,TGO,Togo, -   ,1, -   , -   , -   ,0, -   
2013,THA,Thailand, -   , -   , -   , -   , -   ,0,517231
2014,THA,Thailand, -   , -   , -   , -   , -   ,0,515145
2015,THA,Thailand, -   , -   , -   , -   , -   ,0,514120
2016,THA,Thailand, -   , -   , -   , -   , -   ,0,522655
2017,THA,Thailand,152.31,0.82,153.13,2.25,0.01,2.26,569014
2018,THA,Thailand,287.04,2.96,290,4.23,0.04,4.27,626842
2019,THA,Thailand,500.28,6.75,507.03,7.37,0.1,7.47, -   
2013,TUR,Turkey, -   , -   , -   , -   , -   ,0,668171
2014,TUR,Turkey, -   ,0.11, -   , -   , -   ,0,677253
2015,TUR,Turkey, -   , -   , -   , -   , -   ,0,641666
2016,TUR,Turkey, -   ,0.29, -   , -   , -   ,0,670232
2017,TUR,Turkey, -   ,4.77, -   , -   ,0.06,0.06,662626
2018,TUR,Turkey, -   ,0.17, -   , -   , -   ,0,594055
2019,TUR,Turkey, -   , -   , -   , -   , -   ,0, -   
2013,TW,Taiwan, -   , -   , -   , -   , -   ,0, -   
2014,TW,Taiwan, -   , -   , -   , -   , -   ,0, -   
2015,TW,Taiwan, -   , -   , -   , -   , -   ,0, -   
2016,TW,Taiwan, -   ,6.1, -   , -   ,0.26,0.26, -   
2017,TW,Taiwan, -   ,73.73, -   , -   ,3.13,3.13, -   
2018,TW,Taiwan, -   ,16.5, -   , -   ,0.7,0.7, -   
2019,TW,Taiwan, -   , -   , -   , -   , -   ,0, -   
2013,TZA,Tanzania, -   ,1.99,1.99, -   ,0.04,0.04,8104
2014,TZA,Tanzania, -   ,2.47,2.47, -   ,0.05,0.05,9724
2015,TZA,Tanzania, -   ,1.54,1.54, -   ,0.03,0.03,10232
2016,TZA,Tanzania,150,2.13,152.13,2.91,0.04,2.95,9596
2017,TZA,Tanzania,300,1.68,301.68,5.65,0.03,5.68,9034
2018,TZA,Tanzania,600,4.34,604.34,10.97,0.08,11.05,9735
2019,TZA,Tanzania,600,8.47,608.47,10.65,0.15,10.8, -   
2013,UGA,Uganda, -   ,3.02,3.02, -   ,0.09,0.09,4322
2014,UGA,Uganda, -   ,4.71,4.71, -   ,0.14,0.14,5333
2015,UGA,Uganda, -   ,3.94,3.94, -   ,0.11,0.11,4884
2016,UGA,Uganda,5.93,2.95,8.88,0.16,0.08,0.24,5267
2017,UGA,Uganda,31.81,4.8,36.6,0.84,0.13,0.97,5559
2018,UGA,Uganda,129.29,15.97,145.27,3.33,0.41,3.74,5910
2019,UGA,Uganda,289.07,35.19,324.26,7.26,0.88,8.14, -   
2013,USA,United States of America,86.71,3752.31,3839.01,0.27,11.86,12.13,17394266
2014,USA,United States of America,216.76,10545.35,10762.11,0.68,33.11,33.79,18418383
2015,USA,United States of America,486.99,34408.23,34895.23,1.52,107.25,108.77,18966778
2016,USA,United States of America,955.2,32393.96,33349.16,2.96,100.26,103.22,19899704
2017,USA,United States of America,1000,40055.62,41055.62,3.08,123.19,126.27,20853792
2018,USA,United States of America,1026.01,57668.23,58694.24,3.14,176.42,179.56,21137311
2019,USA,United States of America,8247.11,70207.66,78454.77,25.11,213.75,238.86, -   
2013,URY,Uruguay, -   , -   , -   , -   , -   ,0,20343
2014,URY,Uruguay, -   , -   , -   , -   , -   ,0,20397
2015,URY,Uruguay, -   , -   , -   , -   , -   ,0,19394
2016,URY,Uruguay, -   ,0.7, -   , -   ,0.2,0.2,18457
2017,URY,Uruguay, -   ,2.9, -   , -   ,0.83,0.83,20904
2018,URY,Uruguay, -   ,5.5, -   , -   ,1.57,1.57,21522
2019,URY,Uruguay, -   ,9.03, -   , -   , -   ,0, -   
2013,VNM,Viet Nam, -   , -   , -   , -   , -   ,0,230241
2014,VNM,Viet Nam, -   , -   , -   , -   , -   ,0,264955
2015,VNM,Viet Nam, -   , -   , -   , -   , -   ,0,303978
2016,VNM,Viet Nam, -   , -   , -   , -   , -   ,0,353164
2017,VNM,Viet Nam,73.71,5,78.71,0.79,0.05,0.84,393032
2018,VNM,Viet Nam,138.91,16.31,155.22,1.47,0.17,1.64,428408
2019,VNM,Viet Nam,242.11,35.6,277.71,2.54,0.37,2.91, -   
2013,ZAF,South Africa, -   ,0.16,0.16, -   , -   ,0,268054
2014,ZAF,South Africa, -   ,0.14,0.14, -   , -   ,0,261300
2015,ZAF,South Africa, -   ,10.29,10.29, -   ,0.19,0.19,240091
2016,ZAF,South Africa, -   ,12.18,12.18, -   ,0.22,0.22,227954
2017,ZAF,South Africa, -   ,9.46,9.46, -   ,0.17,0.17,274990
2018,ZAF,South Africa, -   ,17.45,17.45, -   ,0.3,0.3,291059
2019,ZAF,South Africa,0.2,28.13,28.33, -   ,0.48,0.48, -   
2013,ZMB,Zambia, -   ,1.27,1.27, -   ,0.08,0.08,5264
2014,ZMB,Zambia, -   ,1.49,1.49, -   ,0.09,0.09,5199
2015,ZMB,Zambia, -   ,1.79,1.79, -   ,0.11,0.11,4683
2016,ZMB,Zambia,6.52,0.81,7.33,0.39,0.05,0.44,4006
2017,ZMB,Zambia,15.9,1.67,17.57,0.92,0.1,1.02,5628
2018,ZMB,Zambia,35.56, -   , -   ,2, -   ,2,6013
2019,ZMB,Zambia,79.49, -   , -   ,4.34, -   ,4.34, -   
2016,BOL,Bolivia, -   ,5.06,5.06, -   ,0.46,0.46, -   
2017,BOL,Bolivia, -   ,3.99,3.99, -   ,0.36,0.36, -   
2018,BOL,Bolivia, -   ,3.34,3.34, -   ,0.3,0.3, -   
2013,CMR,Cameroon, -   ,0.28,0.28, -   ,0.01,0.01, -   
2014,CMR,Cameroon, -   ,2.14,2.14, -   ,0.09,0.09, -   
2015,CMR,Cameroon, -   ,6.05,6.05, -   ,0.26,0.26, -   
2016,CMR,Cameroon, -   ,0.38,0.38, -   ,0.02,0.02, -   
2017,CMR,Cameroon, -   ,4.73,4.73, -   ,0.2,0.2, -   
2018,CMR,Cameroon, -   ,9.93,9.93, -   ,0.4,0.4, -   
2017,CRI,Costa Rica, -   ,9.8,9.8, -   ,1.96,1.96, -   
2018,CRI,Costa Rica, -   ,17.82,17.82, -   ,3.56,3.56, -   
2013,GEO,Georgia, -   ,0.07,0.07, -   ,0.02,0.02, -   
2014,GEO,Georgia, -   ,0.13,0.13, -   ,0.04,0.04, -   
2015,GEO,Georgia, -   ,0.14,0.14, -   ,0.04,0.04, -   
2016,GEO,Georgia, -   ,113.46,113.46, -   ,30.66,30.66, -   
2017,GEO,Georgia, -   ,195.77,195.77, -   ,52.91,52.91, -   
2018,GEO,Georgia, -   ,192.97,192.97, -   ,52.15,52.15, -   
2013,IRQ,Iraq, -   ,1.67,1.67, -   ,0.05,0.05, -   
2014,IRQ,Iraq, -   ,2.7,2.7, -   ,0.08,0.08, -   
2015,IRQ,Iraq, -   ,0.04,0.04, -   , -   ,0, -   
2018,IRQ,Iraq, -   , -   , -   , -   , -   ,0, -   
2018,ISL,Iceland, -   , -   , -   , -   , -   ,0, -   
2013,LBR,Liberia, -   ,0.84,0.84, -   ,0.22,0.22, -   
2014,LBR,Liberia, -   ,0.55,0.55, -   ,0.14,0.14, -   
2015,LBR,Liberia, -   ,0.02,0.02, -   , -   ,0, -   
2016,LBR,Liberia, -   ,0.13,0.13, -   ,0.03,0.03, -   
2017,LBR,Liberia, -   ,0.8,0.8, -   ,0.18,0.18, -   
2018,LBR,Liberia, -   ,0.73,0.73, -   ,0.16,0.16, -   
2018,LUX,Luxembourg, -   ,4.04,4.04, -   ,6.71,6.71, -   
2013,MNG,Mongolia, -   ,1.66,1.66, -   ,0.57,0.57, -   
2014,MNG,Mongolia, -   ,1.78,1.78, -   ,0.59,0.59, -   
2015,MNG,Mongolia, -   ,0.37,0.37, -   ,0.12,0.12, -   
2016,MNG,Mongolia, -   ,0.25,0.25, -   ,0.08,0.08, -   
2018,MNG,Mongolia, -   ,37.69,37.69, -   ,11.78,11.78, -   
2013,PS,Palestine, -   ,1.76,1.76, -   ,0.41,0.41, -   
2014,PS,Palestine, -   ,2.17,2.17, -   ,0.49,0.49, -   
2015,PS,Palestine, -   ,3.11,3.11, -   ,0.69,0.69, -   
2016,PS,Palestine, -   ,3.91,3.91, -   ,0.84,0.84, -   
2017,PS,Palestine, -   ,4.2,4.2, -   ,0.88,0.88, -   
2018,PS,Palestine, -   ,3.46,3.46, -   ,0.71,0.71, -   
2013,YEM,"Yemen, Rep.", -   ,0.81,0.81, -   ,0.03,0.03, -   
2014,YEM,"Yemen, Rep.", -   ,1.17,1.17, -   ,0.04,0.04, -   
2015,YEM,"Yemen, Rep.", -   ,0.36,0.36, -   ,0.01,0.01, -   
2016,YEM,"Yemen, Rep.", -   ,0.08,0.08, -   , -   ,0, -   
2017,YEM,"Yemen, Rep.", -   ,0.14,0.14, -   , -   ,0, -   
2018,YEM,"Yemen, Rep.", -   ,0.02,0.02, -   , -   ,0, -   
2013,ZWE,Zimbabwe, -   ,0.66,0.66, -   ,0.05,0.05, -   
2014,ZWE,Zimbabwe, -   ,1.29,1.29, -   ,0.09,0.09, -   
2015,ZWE,Zimbabwe, -   ,0.72,0.72, -   ,0.05,0.05, -   
2016,ZWE,Zimbabwe, -   ,1.13,1.13, -   ,0.08,0.08, -   
2017,ZWE,Zimbabwe, -   ,1.62,1.62, -   ,0.12,0.12, -   
2018,ZWE,Zimbabwe, -   ,1.91,1.91, -   ,0.13,0.13, -   
